--
-- PostgreSQL database dump
--

-- Dumped from database version 14.6
-- Dumped by pg_dump version 14.6

SET statement_timeout = 0;
SET lock_timeout = 0;
SET idle_in_transaction_session_timeout = 0;
SET client_encoding = 'UTF8';
SET standard_conforming_strings = on;
SELECT pg_catalog.set_config('search_path', '', false);
SET check_function_bodies = false;
SET xmloption = content;
SET client_min_messages = warning;
SET row_security = off;

SET default_tablespace = '';

SET default_table_access_method = heap;

--
-- Name: auth_group; Type: TABLE; Schema: public; Owner: postgres
--

CREATE TABLE public.auth_group (
    id integer NOT NULL,
    name character varying(150) NOT NULL
);


ALTER TABLE public.auth_group OWNER TO postgres;

--
-- Name: auth_group_id_seq; Type: SEQUENCE; Schema: public; Owner: postgres
--

ALTER TABLE public.auth_group ALTER COLUMN id ADD GENERATED BY DEFAULT AS IDENTITY (
    SEQUENCE NAME public.auth_group_id_seq
    START WITH 1
    INCREMENT BY 1
    NO MINVALUE
    NO MAXVALUE
    CACHE 1
);


--
-- Name: auth_group_permissions; Type: TABLE; Schema: public; Owner: postgres
--

CREATE TABLE public.auth_group_permissions (
    id bigint NOT NULL,
    group_id integer NOT NULL,
    permission_id integer NOT NULL
);


ALTER TABLE public.auth_group_permissions OWNER TO postgres;

--
-- Name: auth_group_permissions_id_seq; Type: SEQUENCE; Schema: public; Owner: postgres
--

ALTER TABLE public.auth_group_permissions ALTER COLUMN id ADD GENERATED BY DEFAULT AS IDENTITY (
    SEQUENCE NAME public.auth_group_permissions_id_seq
    START WITH 1
    INCREMENT BY 1
    NO MINVALUE
    NO MAXVALUE
    CACHE 1
);


--
-- Name: auth_permission; Type: TABLE; Schema: public; Owner: postgres
--

CREATE TABLE public.auth_permission (
    id integer NOT NULL,
    name character varying(255) NOT NULL,
    content_type_id integer NOT NULL,
    codename character varying(100) NOT NULL
);


ALTER TABLE public.auth_permission OWNER TO postgres;

--
-- Name: auth_permission_id_seq; Type: SEQUENCE; Schema: public; Owner: postgres
--

ALTER TABLE public.auth_permission ALTER COLUMN id ADD GENERATED BY DEFAULT AS IDENTITY (
    SEQUENCE NAME public.auth_permission_id_seq
    START WITH 1
    INCREMENT BY 1
    NO MINVALUE
    NO MAXVALUE
    CACHE 1
);


--
-- Name: auth_user; Type: TABLE; Schema: public; Owner: postgres
--

CREATE TABLE public.auth_user (
    id integer NOT NULL,
    password character varying(128) NOT NULL,
    last_login timestamp with time zone,
    is_superuser boolean NOT NULL,
    username character varying(150) NOT NULL,
    first_name character varying(150) NOT NULL,
    last_name character varying(150) NOT NULL,
    email character varying(254) NOT NULL,
    is_staff boolean NOT NULL,
    is_active boolean NOT NULL,
    date_joined timestamp with time zone NOT NULL
);


ALTER TABLE public.auth_user OWNER TO postgres;

--
-- Name: auth_user_groups; Type: TABLE; Schema: public; Owner: postgres
--

CREATE TABLE public.auth_user_groups (
    id bigint NOT NULL,
    user_id integer NOT NULL,
    group_id integer NOT NULL
);


ALTER TABLE public.auth_user_groups OWNER TO postgres;

--
-- Name: auth_user_groups_id_seq; Type: SEQUENCE; Schema: public; Owner: postgres
--

ALTER TABLE public.auth_user_groups ALTER COLUMN id ADD GENERATED BY DEFAULT AS IDENTITY (
    SEQUENCE NAME public.auth_user_groups_id_seq
    START WITH 1
    INCREMENT BY 1
    NO MINVALUE
    NO MAXVALUE
    CACHE 1
);


--
-- Name: auth_user_id_seq; Type: SEQUENCE; Schema: public; Owner: postgres
--

ALTER TABLE public.auth_user ALTER COLUMN id ADD GENERATED BY DEFAULT AS IDENTITY (
    SEQUENCE NAME public.auth_user_id_seq
    START WITH 1
    INCREMENT BY 1
    NO MINVALUE
    NO MAXVALUE
    CACHE 1
);


--
-- Name: auth_user_user_permissions; Type: TABLE; Schema: public; Owner: postgres
--

CREATE TABLE public.auth_user_user_permissions (
    id bigint NOT NULL,
    user_id integer NOT NULL,
    permission_id integer NOT NULL
);


ALTER TABLE public.auth_user_user_permissions OWNER TO postgres;

--
-- Name: auth_user_user_permissions_id_seq; Type: SEQUENCE; Schema: public; Owner: postgres
--

ALTER TABLE public.auth_user_user_permissions ALTER COLUMN id ADD GENERATED BY DEFAULT AS IDENTITY (
    SEQUENCE NAME public.auth_user_user_permissions_id_seq
    START WITH 1
    INCREMENT BY 1
    NO MINVALUE
    NO MAXVALUE
    CACHE 1
);


--
-- Name: django_admin_log; Type: TABLE; Schema: public; Owner: postgres
--

CREATE TABLE public.django_admin_log (
    id integer NOT NULL,
    action_time timestamp with time zone NOT NULL,
    object_id text,
    object_repr character varying(200) NOT NULL,
    action_flag smallint NOT NULL,
    change_message text NOT NULL,
    content_type_id integer,
    user_id integer NOT NULL,
    CONSTRAINT django_admin_log_action_flag_check CHECK ((action_flag >= 0))
);


ALTER TABLE public.django_admin_log OWNER TO postgres;

--
-- Name: django_admin_log_id_seq; Type: SEQUENCE; Schema: public; Owner: postgres
--

ALTER TABLE public.django_admin_log ALTER COLUMN id ADD GENERATED BY DEFAULT AS IDENTITY (
    SEQUENCE NAME public.django_admin_log_id_seq
    START WITH 1
    INCREMENT BY 1
    NO MINVALUE
    NO MAXVALUE
    CACHE 1
);


--
-- Name: django_content_type; Type: TABLE; Schema: public; Owner: postgres
--

CREATE TABLE public.django_content_type (
    id integer NOT NULL,
    app_label character varying(100) NOT NULL,
    model character varying(100) NOT NULL
);


ALTER TABLE public.django_content_type OWNER TO postgres;

--
-- Name: django_content_type_id_seq; Type: SEQUENCE; Schema: public; Owner: postgres
--

ALTER TABLE public.django_content_type ALTER COLUMN id ADD GENERATED BY DEFAULT AS IDENTITY (
    SEQUENCE NAME public.django_content_type_id_seq
    START WITH 1
    INCREMENT BY 1
    NO MINVALUE
    NO MAXVALUE
    CACHE 1
);


--
-- Name: django_migrations; Type: TABLE; Schema: public; Owner: postgres
--

CREATE TABLE public.django_migrations (
    id bigint NOT NULL,
    app character varying(255) NOT NULL,
    name character varying(255) NOT NULL,
    applied timestamp with time zone NOT NULL
);


ALTER TABLE public.django_migrations OWNER TO postgres;

--
-- Name: django_migrations_id_seq; Type: SEQUENCE; Schema: public; Owner: postgres
--

ALTER TABLE public.django_migrations ALTER COLUMN id ADD GENERATED BY DEFAULT AS IDENTITY (
    SEQUENCE NAME public.django_migrations_id_seq
    START WITH 1
    INCREMENT BY 1
    NO MINVALUE
    NO MAXVALUE
    CACHE 1
);


--
-- Name: django_session; Type: TABLE; Schema: public; Owner: postgres
--

CREATE TABLE public.django_session (
    session_key character varying(40) NOT NULL,
    session_data text NOT NULL,
    expire_date timestamp with time zone NOT NULL
);


ALTER TABLE public.django_session OWNER TO postgres;

--
-- Name: server_clientbd; Type: TABLE; Schema: public; Owner: postgres
--

CREATE TABLE public.server_clientbd (
    id bigint NOT NULL,
    ip_client character varying(20) NOT NULL
);


ALTER TABLE public.server_clientbd OWNER TO postgres;

--
-- Name: server_clientbd_id_seq; Type: SEQUENCE; Schema: public; Owner: postgres
--

ALTER TABLE public.server_clientbd ALTER COLUMN id ADD GENERATED BY DEFAULT AS IDENTITY (
    SEQUENCE NAME public.server_clientbd_id_seq
    START WITH 1
    INCREMENT BY 1
    NO MINVALUE
    NO MAXVALUE
    CACHE 1
);


--
-- Name: server_dataserver; Type: TABLE; Schema: public; Owner: postgres
--

CREATE TABLE public.server_dataserver (
    id bigint NOT NULL,
    tag character varying(10) NOT NULL,
    ip character varying(20) NOT NULL,
    port character varying(20) NOT NULL,
    mode character varying(20) NOT NULL,
    client_id bigint
);


ALTER TABLE public.server_dataserver OWNER TO postgres;

--
-- Name: server_dataserver_id_seq; Type: SEQUENCE; Schema: public; Owner: postgres
--

ALTER TABLE public.server_dataserver ALTER COLUMN id ADD GENERATED BY DEFAULT AS IDENTITY (
    SEQUENCE NAME public.server_dataserver_id_seq
    START WITH 1
    INCREMENT BY 1
    NO MINVALUE
    NO MAXVALUE
    CACHE 1
);


--
-- Name: server_ipaddress; Type: TABLE; Schema: public; Owner: postgres
--

CREATE TABLE public.server_ipaddress (
    id bigint NOT NULL,
    address inet NOT NULL,
    tag character varying(20) NOT NULL,
    client_id bigint NOT NULL,
    seg_scan_id bigint NOT NULL
);


ALTER TABLE public.server_ipaddress OWNER TO postgres;

--
-- Name: server_ipaddress_id_seq; Type: SEQUENCE; Schema: public; Owner: postgres
--

ALTER TABLE public.server_ipaddress ALTER COLUMN id ADD GENERATED BY DEFAULT AS IDENTITY (
    SEQUENCE NAME public.server_ipaddress_id_seq
    START WITH 1
    INCREMENT BY 1
    NO MINVALUE
    NO MAXVALUE
    CACHE 1
);


--
-- Name: server_scaninfo; Type: TABLE; Schema: public; Owner: postgres
--

CREATE TABLE public.server_scaninfo (
    id bigint NOT NULL,
    ip_status character varying(20) NOT NULL,
    protocols character varying(20) NOT NULL,
    open_ports character varying(20) NOT NULL,
    state character varying(20) NOT NULL,
    data_chunk text NOT NULL
);


ALTER TABLE public.server_scaninfo OWNER TO postgres;

--
-- Name: server_scaninfo_id_seq; Type: SEQUENCE; Schema: public; Owner: postgres
--

ALTER TABLE public.server_scaninfo ALTER COLUMN id ADD GENERATED BY DEFAULT AS IDENTITY (
    SEQUENCE NAME public.server_scaninfo_id_seq
    START WITH 1
    INCREMENT BY 1
    NO MINVALUE
    NO MAXVALUE
    CACHE 1
);


--
-- Name: server_segmentresult; Type: TABLE; Schema: public; Owner: postgres
--

CREATE TABLE public.server_segmentresult (
    id bigint NOT NULL,
    host character varying(20) NOT NULL,
    state_scan character varying(20) NOT NULL,
    open_ports character varying(100) NOT NULL,
    result_id bigint NOT NULL
);


ALTER TABLE public.server_segmentresult OWNER TO postgres;

--
-- Name: server_segmentresult_id_seq; Type: SEQUENCE; Schema: public; Owner: postgres
--

ALTER TABLE public.server_segmentresult ALTER COLUMN id ADD GENERATED BY DEFAULT AS IDENTITY (
    SEQUENCE NAME public.server_segmentresult_id_seq
    START WITH 1
    INCREMENT BY 1
    NO MINVALUE
    NO MAXVALUE
    CACHE 1
);


--
-- Name: server_segmentscan; Type: TABLE; Schema: public; Owner: postgres
--

CREATE TABLE public.server_segmentscan (
    id bigint NOT NULL,
    ip character varying(20) NOT NULL,
    mask character varying(20) NOT NULL,
    mode character varying(20) NOT NULL,
    state_scan character varying(20) NOT NULL
);


ALTER TABLE public.server_segmentscan OWNER TO postgres;

--
-- Name: server_segmentscan_id_seq; Type: SEQUENCE; Schema: public; Owner: postgres
--

ALTER TABLE public.server_segmentscan ALTER COLUMN id ADD GENERATED BY DEFAULT AS IDENTITY (
    SEQUENCE NAME public.server_segmentscan_id_seq
    START WITH 1
    INCREMENT BY 1
    NO MINVALUE
    NO MAXVALUE
    CACHE 1
);


--
-- Data for Name: auth_group; Type: TABLE DATA; Schema: public; Owner: postgres
--

COPY public.auth_group (id, name) FROM stdin;
\.


--
-- Data for Name: auth_group_permissions; Type: TABLE DATA; Schema: public; Owner: postgres
--

COPY public.auth_group_permissions (id, group_id, permission_id) FROM stdin;
\.


--
-- Data for Name: auth_permission; Type: TABLE DATA; Schema: public; Owner: postgres
--

COPY public.auth_permission (id, name, content_type_id, codename) FROM stdin;
1	Can add log entry	1	add_logentry
2	Can change log entry	1	change_logentry
3	Can delete log entry	1	delete_logentry
4	Can view log entry	1	view_logentry
5	Can add permission	2	add_permission
6	Can change permission	2	change_permission
7	Can delete permission	2	delete_permission
8	Can view permission	2	view_permission
9	Can add group	3	add_group
10	Can change group	3	change_group
11	Can delete group	3	delete_group
12	Can view group	3	view_group
13	Can add user	4	add_user
14	Can change user	4	change_user
15	Can delete user	4	delete_user
16	Can view user	4	view_user
17	Can add content type	5	add_contenttype
18	Can change content type	5	change_contenttype
19	Can delete content type	5	delete_contenttype
20	Can view content type	5	view_contenttype
21	Can add session	6	add_session
22	Can change session	6	change_session
23	Can delete session	6	delete_session
24	Can view session	6	view_session
25	Can add client bd	7	add_clientbd
26	Can change client bd	7	change_clientbd
27	Can delete client bd	7	delete_clientbd
28	Can view client bd	7	view_clientbd
29	Can add scan info	8	add_scaninfo
30	Can change scan info	8	change_scaninfo
31	Can delete scan info	8	delete_scaninfo
32	Can view scan info	8	view_scaninfo
33	Can add segment scan	9	add_segmentscan
34	Can change segment scan	9	change_segmentscan
35	Can delete segment scan	9	delete_segmentscan
36	Can view segment scan	9	view_segmentscan
37	Can add segment result	10	add_segmentresult
38	Can change segment result	10	change_segmentresult
39	Can delete segment result	10	delete_segmentresult
40	Can view segment result	10	view_segmentresult
41	Can add ip address	11	add_ipaddress
42	Can change ip address	11	change_ipaddress
43	Can delete ip address	11	delete_ipaddress
44	Can view ip address	11	view_ipaddress
45	Can add data server	12	add_dataserver
46	Can change data server	12	change_dataserver
47	Can delete data server	12	delete_dataserver
48	Can view data server	12	view_dataserver
\.


--
-- Data for Name: auth_user; Type: TABLE DATA; Schema: public; Owner: postgres
--

COPY public.auth_user (id, password, last_login, is_superuser, username, first_name, last_name, email, is_staff, is_active, date_joined) FROM stdin;
1	pbkdf2_sha256$600000$Fu4fepwl34E8qUMa6yhAB1$lEAyj8D4Fq7RlVcACTkyTjXCcnbNIMI1hWl9gy0VzZM=	2023-10-04 21:55:19.888244+03	t	1				t	t	2023-10-04 21:53:28.970916+03
\.


--
-- Data for Name: auth_user_groups; Type: TABLE DATA; Schema: public; Owner: postgres
--

COPY public.auth_user_groups (id, user_id, group_id) FROM stdin;
\.


--
-- Data for Name: auth_user_user_permissions; Type: TABLE DATA; Schema: public; Owner: postgres
--

COPY public.auth_user_user_permissions (id, user_id, permission_id) FROM stdin;
\.


--
-- Data for Name: django_admin_log; Type: TABLE DATA; Schema: public; Owner: postgres
--

COPY public.django_admin_log (id, action_time, object_id, object_repr, action_flag, change_message, content_type_id, user_id) FROM stdin;
1	2023-10-04 22:52:18.348628+03	1	1	1	[{"added": {}}]	7	1
2	2023-10-04 22:52:22.527098+03	2	2	1	[{"added": {}}]	7	1
3	2023-10-04 22:52:26.351572+03	3	3	1	[{"added": {}}]	7	1
4	2023-10-04 22:58:56.064665+03	6	ScanInfo object (6)	3		8	1
5	2023-10-04 23:04:24.03253+03	64	SegmentResult object (64)	3		10	1
6	2023-10-04 23:04:24.036057+03	63	SegmentResult object (63)	3		10	1
7	2023-10-04 23:04:24.040699+03	62	SegmentResult object (62)	3		10	1
8	2023-10-04 23:04:24.044464+03	61	SegmentResult object (61)	3		10	1
9	2023-10-04 23:04:24.049095+03	60	SegmentResult object (60)	3		10	1
10	2023-10-04 23:04:24.052255+03	59	SegmentResult object (59)	3		10	1
11	2023-10-04 23:04:24.054646+03	58	SegmentResult object (58)	3		10	1
12	2023-10-04 23:04:24.056936+03	57	SegmentResult object (57)	3		10	1
13	2023-10-04 23:04:24.061984+03	56	SegmentResult object (56)	3		10	1
14	2023-10-04 23:04:24.064888+03	55	SegmentResult object (55)	3		10	1
15	2023-10-04 23:04:24.067277+03	54	SegmentResult object (54)	3		10	1
16	2023-10-04 23:04:24.069448+03	53	SegmentResult object (53)	3		10	1
17	2023-10-04 23:04:24.071368+03	52	SegmentResult object (52)	3		10	1
18	2023-10-04 23:04:24.073227+03	51	SegmentResult object (51)	3		10	1
19	2023-10-04 23:04:24.07518+03	50	SegmentResult object (50)	3		10	1
20	2023-10-04 23:04:24.07822+03	49	SegmentResult object (49)	3		10	1
21	2023-10-04 23:04:24.080707+03	48	SegmentResult object (48)	3		10	1
22	2023-10-04 23:04:24.082724+03	47	SegmentResult object (47)	3		10	1
23	2023-10-04 23:04:24.084611+03	46	SegmentResult object (46)	3		10	1
24	2023-10-04 23:04:24.086203+03	45	SegmentResult object (45)	3		10	1
25	2023-10-04 23:04:24.088601+03	44	SegmentResult object (44)	3		10	1
26	2023-10-04 23:04:24.090696+03	43	SegmentResult object (43)	3		10	1
27	2023-10-04 23:04:24.09303+03	42	SegmentResult object (42)	3		10	1
28	2023-10-04 23:04:24.094704+03	41	SegmentResult object (41)	3		10	1
29	2023-10-04 23:04:24.096833+03	40	SegmentResult object (40)	3		10	1
30	2023-10-04 23:04:24.099578+03	39	SegmentResult object (39)	3		10	1
31	2023-10-04 23:04:24.10121+03	38	SegmentResult object (38)	3		10	1
32	2023-10-04 23:04:24.102733+03	37	SegmentResult object (37)	3		10	1
33	2023-10-04 23:04:24.104574+03	36	SegmentResult object (36)	3		10	1
34	2023-10-04 23:04:24.106078+03	35	SegmentResult object (35)	3		10	1
35	2023-10-04 23:04:24.108227+03	34	SegmentResult object (34)	3		10	1
36	2023-10-04 23:04:24.111441+03	33	SegmentResult object (33)	3		10	1
37	2023-10-04 23:04:24.113697+03	32	SegmentResult object (32)	3		10	1
38	2023-10-04 23:04:24.116594+03	31	SegmentResult object (31)	3		10	1
39	2023-10-04 23:04:24.118583+03	30	SegmentResult object (30)	3		10	1
40	2023-10-04 23:04:24.123811+03	29	SegmentResult object (29)	3		10	1
41	2023-10-04 23:04:24.131676+03	28	SegmentResult object (28)	3		10	1
42	2023-10-04 23:04:24.133756+03	27	SegmentResult object (27)	3		10	1
43	2023-10-04 23:04:24.136014+03	26	SegmentResult object (26)	3		10	1
44	2023-10-04 23:04:24.138675+03	25	SegmentResult object (25)	3		10	1
45	2023-10-04 23:04:24.14111+03	24	SegmentResult object (24)	3		10	1
46	2023-10-04 23:04:24.1438+03	23	SegmentResult object (23)	3		10	1
47	2023-10-04 23:04:24.148223+03	22	SegmentResult object (22)	3		10	1
48	2023-10-04 23:04:24.150505+03	21	SegmentResult object (21)	3		10	1
49	2023-10-04 23:04:24.152956+03	20	SegmentResult object (20)	3		10	1
50	2023-10-04 23:04:24.156217+03	19	SegmentResult object (19)	3		10	1
51	2023-10-04 23:04:24.158928+03	18	SegmentResult object (18)	3		10	1
52	2023-10-04 23:04:24.161575+03	17	SegmentResult object (17)	3		10	1
53	2023-10-04 23:04:24.165908+03	16	SegmentResult object (16)	3		10	1
54	2023-10-04 23:04:24.168177+03	15	SegmentResult object (15)	3		10	1
55	2023-10-04 23:04:24.171988+03	14	SegmentResult object (14)	3		10	1
56	2023-10-04 23:04:24.174385+03	13	SegmentResult object (13)	3		10	1
57	2023-10-04 23:04:24.17749+03	12	SegmentResult object (12)	3		10	1
58	2023-10-04 23:04:24.181615+03	11	SegmentResult object (11)	3		10	1
59	2023-10-04 23:04:24.18378+03	10	SegmentResult object (10)	3		10	1
60	2023-10-04 23:04:24.185713+03	9	SegmentResult object (9)	3		10	1
61	2023-10-04 23:04:24.188576+03	8	SegmentResult object (8)	3		10	1
62	2023-10-04 23:04:24.191091+03	7	SegmentResult object (7)	3		10	1
63	2023-10-04 23:04:24.195041+03	6	SegmentResult object (6)	3		10	1
64	2023-10-04 23:04:24.198643+03	5	SegmentResult object (5)	3		10	1
65	2023-10-04 23:04:24.201092+03	4	SegmentResult object (4)	3		10	1
66	2023-10-04 23:04:24.202834+03	3	SegmentResult object (3)	3		10	1
67	2023-10-04 23:04:24.205094+03	2	SegmentResult object (2)	3		10	1
68	2023-10-04 23:04:24.207327+03	1	SegmentResult object (1)	3		10	1
69	2023-10-04 23:04:30.848963+03	1	SegmentScan object (1)	3		9	1
70	2023-10-04 23:09:18.951815+03	80	SegmentResult object (80)	3		10	1
71	2023-10-04 23:09:18.956936+03	79	SegmentResult object (79)	3		10	1
72	2023-10-04 23:09:18.961422+03	78	SegmentResult object (78)	3		10	1
73	2023-10-04 23:09:18.965746+03	77	SegmentResult object (77)	3		10	1
74	2023-10-04 23:09:18.96797+03	76	SegmentResult object (76)	3		10	1
75	2023-10-04 23:09:18.970447+03	75	SegmentResult object (75)	3		10	1
76	2023-10-04 23:09:18.972968+03	74	SegmentResult object (74)	3		10	1
77	2023-10-04 23:09:18.978776+03	73	SegmentResult object (73)	3		10	1
78	2023-10-04 23:09:18.981212+03	72	SegmentResult object (72)	3		10	1
79	2023-10-04 23:09:18.983059+03	71	SegmentResult object (71)	3		10	1
80	2023-10-04 23:09:18.985434+03	70	SegmentResult object (70)	3		10	1
81	2023-10-04 23:09:18.989038+03	69	SegmentResult object (69)	3		10	1
82	2023-10-04 23:09:18.992746+03	68	SegmentResult object (68)	3		10	1
83	2023-10-04 23:09:18.995967+03	67	SegmentResult object (67)	3		10	1
84	2023-10-04 23:09:18.998256+03	66	SegmentResult object (66)	3		10	1
85	2023-10-04 23:09:19.001784+03	65	SegmentResult object (65)	3		10	1
86	2023-10-04 23:09:28.533116+03	2	SegmentScan object (2)	3		9	1
87	2023-10-04 23:12:52.793479+03	3	SegmentScan object (3)	3		9	1
\.


--
-- Data for Name: django_content_type; Type: TABLE DATA; Schema: public; Owner: postgres
--

COPY public.django_content_type (id, app_label, model) FROM stdin;
1	admin	logentry
2	auth	permission
3	auth	group
4	auth	user
5	contenttypes	contenttype
6	sessions	session
7	server	clientbd
8	server	scaninfo
9	server	segmentscan
10	server	segmentresult
11	server	ipaddress
12	server	dataserver
\.


--
-- Data for Name: django_migrations; Type: TABLE DATA; Schema: public; Owner: postgres
--

COPY public.django_migrations (id, app, name, applied) FROM stdin;
1	contenttypes	0001_initial	2023-10-04 21:52:56.592252+03
2	auth	0001_initial	2023-10-04 21:52:56.876748+03
3	admin	0001_initial	2023-10-04 21:52:56.929813+03
4	admin	0002_logentry_remove_auto_add	2023-10-04 21:52:56.943696+03
5	admin	0003_logentry_add_action_flag_choices	2023-10-04 21:52:56.965992+03
6	contenttypes	0002_remove_content_type_name	2023-10-04 21:52:56.985273+03
7	auth	0002_alter_permission_name_max_length	2023-10-04 21:52:56.99673+03
8	auth	0003_alter_user_email_max_length	2023-10-04 21:52:57.008403+03
9	auth	0004_alter_user_username_opts	2023-10-04 21:52:57.052387+03
10	auth	0005_alter_user_last_login_null	2023-10-04 21:52:57.060075+03
11	auth	0006_require_contenttypes_0002	2023-10-04 21:52:57.06364+03
12	auth	0007_alter_validators_add_error_messages	2023-10-04 21:52:57.071998+03
13	auth	0008_alter_user_username_max_length	2023-10-04 21:52:57.088504+03
14	auth	0009_alter_user_last_name_max_length	2023-10-04 21:52:57.099699+03
15	auth	0010_alter_group_name_max_length	2023-10-04 21:52:57.112475+03
16	auth	0011_update_proxy_permissions	2023-10-04 21:52:57.123599+03
17	auth	0012_alter_user_first_name_max_length	2023-10-04 21:52:57.137929+03
18	server	0001_initial	2023-10-04 21:52:57.250848+03
19	server	0002_alter_segmentresult_result	2023-10-04 21:52:57.318879+03
20	server	0003_alter_segmentresult_result	2023-10-04 21:52:57.349387+03
21	sessions	0001_initial	2023-10-04 21:52:57.384417+03
\.


--
-- Data for Name: django_session; Type: TABLE DATA; Schema: public; Owner: postgres
--

COPY public.django_session (session_key, session_data, expire_date) FROM stdin;
2rpvm4ed6bgfvk1qxrqh9xgjauvfd6w9	.eJxVjEEOwiAQRe_C2pAy0DJ16d4zkCkzSNVAUtqV8e7apAvd_vfef6lA25rD1mQJM6uzMur0u00UH1J2wHcqt6pjLesyT3pX9EGbvlaW5-Vw_w4ytfytCVzyTDAwoLUwokNMdvTGWhOTuEkksjNJEAcLnAj61FHfxYiA5EW9P9wsOA0:1qo71j:7cyYx3V2o28npGim1PvDXrE55x6u-CWmnlDDcwqufBw	2023-10-18 21:55:19.897387+03
\.


--
-- Data for Name: server_clientbd; Type: TABLE DATA; Schema: public; Owner: postgres
--

COPY public.server_clientbd (id, ip_client) FROM stdin;
1	1
2	2
3	3
\.


--
-- Data for Name: server_dataserver; Type: TABLE DATA; Schema: public; Owner: postgres
--

COPY public.server_dataserver (id, tag, ip, port, mode, client_id) FROM stdin;
1	Done	127.0.0.1	1-1024	SYN	2
2	Done	127.0.0.1	1-1024	SYN	1
3	Done	127.0.0.1	23	SYN	1
\.


--
-- Data for Name: server_ipaddress; Type: TABLE DATA; Schema: public; Owner: postgres
--

COPY public.server_ipaddress (id, address, tag, client_id, seg_scan_id) FROM stdin;
\.


--
-- Data for Name: server_scaninfo; Type: TABLE DATA; Schema: public; Owner: postgres
--

COPY public.server_scaninfo (id, ip_status, protocols, open_ports, state, data_chunk) FROM stdin;
1	up	tcp	22	open	cve.csv:\n[CVE-2010-4755] The (1) remote_glob function in sftp-glob.c and the (2) process_put function in sftp.c in OpenSSH 5.8 and earlier, as used in FreeBSD 7.3 and 8.1, NetBSD 5.0.2, OpenBSD 4.7, and other products, allow remote authenticated users to cause a denial of service (CPU and memory consumption) via crafted glob expressions that do not match any pathnames, as demonstrated by glob expressions in SSH_FXP_STAT requests to an sftp daemon, a different vulnerability than CVE-2010-2632.\n[CVE-2007-4654] Unspecified vulnerability in SSHield 1.6.1 with OpenSSH 3.0.2p1 on Cisco WebNS 8.20.0.1 on Cisco Content Services Switch (CSS) series 11000 devices allows remote attackers to cause a denial of service (connection slot exhaustion and device crash) via a series of large packets designed to exploit the SSH CRC32 attack detection overflow (CVE-2001-0144), possibly a related issue to CVE-2002-1024.\n[CVE-1999-0661] A system is running a version of software that was replaced with a Trojan Horse at one of its distribution points, such as (1) TCP Wrappers 7.6, (2) util-linux 2.9g, (3) wuarchive ftpd (wuftpd) 2.2 and 2.1f, (4) IRC client (ircII) ircII 2.2.9, (5) OpenSSH 3.4p1, or (6) Sendmail 8.12.6.\n\n\n
2	up	tcp	631	open	cve.csv:\n[CVE-2010-4755] The (1) remote_glob function in sftp-glob.c and the (2) process_put function in sftp.c in OpenSSH 5.8 and earlier, as used in FreeBSD 7.3 and 8.1, NetBSD 5.0.2, OpenBSD 4.7, and other products, allow remote authenticated users to cause a denial of service (CPU and memory consumption) via crafted glob expressions that do not match any pathnames, as demonstrated by glob expressions in SSH_FXP_STAT requests to an sftp daemon, a different vulnerability than CVE-2010-2632.\n[CVE-2007-4654] Unspecified vulnerability in SSHield 1.6.1 with OpenSSH 3.0.2p1 on Cisco WebNS 8.20.0.1 on Cisco Content Services Switch (CSS) series 11000 devices allows remote attackers to cause a denial of service (connection slot exhaustion and device crash) via a series of large packets designed to exploit the SSH CRC32 attack detection overflow (CVE-2001-0144), possibly a related issue to CVE-2002-1024.\n[CVE-1999-0661] A system is running a version of software that was replaced with a Trojan Horse at one of its distribution points, such as (1) TCP Wrappers 7.6, (2) util-linux 2.9g, (3) wuarchive ftpd (wuftpd) 2.2 and 2.1f, (4) IRC client (ircII) ircII 2.2.9, (5) OpenSSH 3.4p1, or (6) Sendmail 8.12.6.\n\n\ncve.csv:\n[CVE-2011-2896] The LZW decompressor in the LWZReadByte function in giftoppm.c in the David Koblas GIF decoder in PBMPLUS, as used in the gif_read_lzw function in filter/image-gif.c in CUPS before 1.4.7, the LZWReadByte function in plug-ins/common/file-gif-load.c in GIMP 2.6.11 and earlier, the LZWReadByte function in img/gifread.c in XPCE in SWI-Prolog 5.10.4 and earlier, and other products, does not properly handle code words that are absent from the decompression table when encountered, which allows remote attackers to trigger an infinite loop or a heap-based buffer overflow, and possibly execute arbitrary code, via a crafted compressed stream, a related issue to CVE-2006-1168 and CVE-2011-2895.\n[CVE-2009-0791] Multiple integer overflows in Xpdf 2.x and 3.x and Poppler 0.x, as used in the pdftops filter in CUPS 1.1.17, 1.1.22, and 1.3.7, GPdf, and kdegraphics KPDF, allow remote attackers to cause a denial of service (application crash) or possibly execute arbitrary code via a crafted PDF file that triggers a heap-based buffer overflow, possibly related to (1) Decrypt.cxx, (2) FoFiTrueType.cxx, (3) gmem.c, (4) JBIG2Stream.cxx, and (5) PSOutputDev.cxx in pdftops/. NOTE: the JBIG2Stream.cxx vector may overlap CVE-2009-1179.\n[CVE-2009-0032] CUPS on Mandriva Linux 2008.0, 2008.1, 2009.0, Corporate Server (CS) 3.0 and 4.0, and Multi Network Firewall (MNF) 2.0 allows local users to overwrite arbitrary files via a symlink attack on the /tmp/pdf.log temporary file.\n[CVE-2007-4045] The CUPS service, as used in SUSE Linux before 20070720 and other Linux distributions, allows remote attackers to cause a denial of service via unspecified vectors related to an incomplete fix for CVE-2007-0720 that introduced a different denial of service problem in SSL negotiation.\n[CVE-2007-3387] Integer overflow in the StreamPredictor::StreamPredictor function in xpdf 3.02, as used in (1) poppler before 0.5.91, (2) gpdf before 2.8.2, (3) kpdf, (4) kdegraphics, (5) CUPS, (6) PDFedit, and other products, might allow remote attackers to execute arbitrary code via a crafted PDF file that triggers a stack-based buffer overflow in the StreamPredictor::getNextLine function.\n[CVE-2004-1270] lppasswd in CUPS 1.1.22, when run in environments that do not ensure that file descriptors 0, 1, and 2 are open when lppasswd is called, does not verify that the passwd.new file is different from STDERR, which allows local users to control output to passwd.new via certain user input that triggers an error message.\n[CVE-2004-0888] Multiple integer overflows in xpdf 2.0 and 3.0, and other packages that use xpdf code such as CUPS, gpdf, and kdegraphics, allow remote attackers to cause a denial of service (crash) and possibly execute arbitrary code, a different set of vulnerabilities than those identified by CVE-2004-0889.\n[CVE-2002-1384] Integer overflow in pdftops, as used in Xpdf 2.01 and earlier, xpdf-i, and CUPS before 1.1.18, allows local users to execute arbitrary code via a ColorSpace entry with a large number of elements, as demonstrated by cups-pdf.\n\n\n
3	up	tcp	22	open	cve.csv:\n[CVE-2010-4755] The (1) remote_glob function in sftp-glob.c and the (2) process_put function in sftp.c in OpenSSH 5.8 and earlier, as used in FreeBSD 7.3 and 8.1, NetBSD 5.0.2, OpenBSD 4.7, and other products, allow remote authenticated users to cause a denial of service (CPU and memory consumption) via crafted glob expressions that do not match any pathnames, as demonstrated by glob expressions in SSH_FXP_STAT requests to an sftp daemon, a different vulnerability than CVE-2010-2632.\n[CVE-2007-4654] Unspecified vulnerability in SSHield 1.6.1 with OpenSSH 3.0.2p1 on Cisco WebNS 8.20.0.1 on Cisco Content Services Switch (CSS) series 11000 devices allows remote attackers to cause a denial of service (connection slot exhaustion and device crash) via a series of large packets designed to exploit the SSH CRC32 attack detection overflow (CVE-2001-0144), possibly a related issue to CVE-2002-1024.\n[CVE-1999-0661] A system is running a version of software that was replaced with a Trojan Horse at one of its distribution points, such as (1) TCP Wrappers 7.6, (2) util-linux 2.9g, (3) wuarchive ftpd (wuftpd) 2.2 and 2.1f, (4) IRC client (ircII) ircII 2.2.9, (5) OpenSSH 3.4p1, or (6) Sendmail 8.12.6.\n\n\ncve.csv:\n[CVE-2011-2896] The LZW decompressor in the LWZReadByte function in giftoppm.c in the David Koblas GIF decoder in PBMPLUS, as used in the gif_read_lzw function in filter/image-gif.c in CUPS before 1.4.7, the LZWReadByte function in plug-ins/common/file-gif-load.c in GIMP 2.6.11 and earlier, the LZWReadByte function in img/gifread.c in XPCE in SWI-Prolog 5.10.4 and earlier, and other products, does not properly handle code words that are absent from the decompression table when encountered, which allows remote attackers to trigger an infinite loop or a heap-based buffer overflow, and possibly execute arbitrary code, via a crafted compressed stream, a related issue to CVE-2006-1168 and CVE-2011-2895.\n[CVE-2009-0791] Multiple integer overflows in Xpdf 2.x and 3.x and Poppler 0.x, as used in the pdftops filter in CUPS 1.1.17, 1.1.22, and 1.3.7, GPdf, and kdegraphics KPDF, allow remote attackers to cause a denial of service (application crash) or possibly execute arbitrary code via a crafted PDF file that triggers a heap-based buffer overflow, possibly related to (1) Decrypt.cxx, (2) FoFiTrueType.cxx, (3) gmem.c, (4) JBIG2Stream.cxx, and (5) PSOutputDev.cxx in pdftops/. NOTE: the JBIG2Stream.cxx vector may overlap CVE-2009-1179.\n[CVE-2009-0032] CUPS on Mandriva Linux 2008.0, 2008.1, 2009.0, Corporate Server (CS) 3.0 and 4.0, and Multi Network Firewall (MNF) 2.0 allows local users to overwrite arbitrary files via a symlink attack on the /tmp/pdf.log temporary file.\n[CVE-2007-4045] The CUPS service, as used in SUSE Linux before 20070720 and other Linux distributions, allows remote attackers to cause a denial of service via unspecified vectors related to an incomplete fix for CVE-2007-0720 that introduced a different denial of service problem in SSL negotiation.\n[CVE-2007-3387] Integer overflow in the StreamPredictor::StreamPredictor function in xpdf 3.02, as used in (1) poppler before 0.5.91, (2) gpdf before 2.8.2, (3) kpdf, (4) kdegraphics, (5) CUPS, (6) PDFedit, and other products, might allow remote attackers to execute arbitrary code via a crafted PDF file that triggers a stack-based buffer overflow in the StreamPredictor::getNextLine function.\n[CVE-2004-1270] lppasswd in CUPS 1.1.22, when run in environments that do not ensure that file descriptors 0, 1, and 2 are open when lppasswd is called, does not verify that the passwd.new file is different from STDERR, which allows local users to control output to passwd.new via certain user input that triggers an error message.\n[CVE-2004-0888] Multiple integer overflows in xpdf 2.0 and 3.0, and other packages that use xpdf code such as CUPS, gpdf, and kdegraphics, allow remote attackers to cause a denial of service (crash) and possibly execute arbitrary code, a different set of vulnerabilities than those identified by CVE-2004-0889.\n[CVE-2002-1384] Integer overflow in pdftops, as used in Xpdf 2.01 and earlier, xpdf-i, and CUPS before 1.1.18, allows local users to execute arbitrary code via a ColorSpace entry with a large number of elements, as demonstrated by cups-pdf.\n\n\ncve.csv:\n[CVE-2010-4755] The (1) remote_glob function in sftp-glob.c and the (2) process_put function in sftp.c in OpenSSH 5.8 and earlier, as used in FreeBSD 7.3 and 8.1, NetBSD 5.0.2, OpenBSD 4.7, and other products, allow remote authenticated users to cause a denial of service (CPU and memory consumption) via crafted glob expressions that do not match any pathnames, as demonstrated by glob expressions in SSH_FXP_STAT requests to an sftp daemon, a different vulnerability than CVE-2010-2632.\n[CVE-2007-4654] Unspecified vulnerability in SSHield 1.6.1 with OpenSSH 3.0.2p1 on Cisco WebNS 8.20.0.1 on Cisco Content Services Switch (CSS) series 11000 devices allows remote attackers to cause a denial of service (connection slot exhaustion and device crash) via a series of large packets designed to exploit the SSH CRC32 attack detection overflow (CVE-2001-0144), possibly a related issue to CVE-2002-1024.\n[CVE-1999-0661] A system is running a version of software that was replaced with a Trojan Horse at one of its distribution points, such as (1) TCP Wrappers 7.6, (2) util-linux 2.9g, (3) wuarchive ftpd (wuftpd) 2.2 and 2.1f, (4) IRC client (ircII) ircII 2.2.9, (5) OpenSSH 3.4p1, or (6) Sendmail 8.12.6.\n\n\n
4	up	tcp	631	open	cve.csv:\n[CVE-2010-4755] The (1) remote_glob function in sftp-glob.c and the (2) process_put function in sftp.c in OpenSSH 5.8 and earlier, as used in FreeBSD 7.3 and 8.1, NetBSD 5.0.2, OpenBSD 4.7, and other products, allow remote authenticated users to cause a denial of service (CPU and memory consumption) via crafted glob expressions that do not match any pathnames, as demonstrated by glob expressions in SSH_FXP_STAT requests to an sftp daemon, a different vulnerability than CVE-2010-2632.\n[CVE-2007-4654] Unspecified vulnerability in SSHield 1.6.1 with OpenSSH 3.0.2p1 on Cisco WebNS 8.20.0.1 on Cisco Content Services Switch (CSS) series 11000 devices allows remote attackers to cause a denial of service (connection slot exhaustion and device crash) via a series of large packets designed to exploit the SSH CRC32 attack detection overflow (CVE-2001-0144), possibly a related issue to CVE-2002-1024.\n[CVE-1999-0661] A system is running a version of software that was replaced with a Trojan Horse at one of its distribution points, such as (1) TCP Wrappers 7.6, (2) util-linux 2.9g, (3) wuarchive ftpd (wuftpd) 2.2 and 2.1f, (4) IRC client (ircII) ircII 2.2.9, (5) OpenSSH 3.4p1, or (6) Sendmail 8.12.6.\n\n\ncve.csv:\n[CVE-2011-2896] The LZW decompressor in the LWZReadByte function in giftoppm.c in the David Koblas GIF decoder in PBMPLUS, as used in the gif_read_lzw function in filter/image-gif.c in CUPS before 1.4.7, the LZWReadByte function in plug-ins/common/file-gif-load.c in GIMP 2.6.11 and earlier, the LZWReadByte function in img/gifread.c in XPCE in SWI-Prolog 5.10.4 and earlier, and other products, does not properly handle code words that are absent from the decompression table when encountered, which allows remote attackers to trigger an infinite loop or a heap-based buffer overflow, and possibly execute arbitrary code, via a crafted compressed stream, a related issue to CVE-2006-1168 and CVE-2011-2895.\n[CVE-2009-0791] Multiple integer overflows in Xpdf 2.x and 3.x and Poppler 0.x, as used in the pdftops filter in CUPS 1.1.17, 1.1.22, and 1.3.7, GPdf, and kdegraphics KPDF, allow remote attackers to cause a denial of service (application crash) or possibly execute arbitrary code via a crafted PDF file that triggers a heap-based buffer overflow, possibly related to (1) Decrypt.cxx, (2) FoFiTrueType.cxx, (3) gmem.c, (4) JBIG2Stream.cxx, and (5) PSOutputDev.cxx in pdftops/. NOTE: the JBIG2Stream.cxx vector may overlap CVE-2009-1179.\n[CVE-2009-0032] CUPS on Mandriva Linux 2008.0, 2008.1, 2009.0, Corporate Server (CS) 3.0 and 4.0, and Multi Network Firewall (MNF) 2.0 allows local users to overwrite arbitrary files via a symlink attack on the /tmp/pdf.log temporary file.\n[CVE-2007-4045] The CUPS service, as used in SUSE Linux before 20070720 and other Linux distributions, allows remote attackers to cause a denial of service via unspecified vectors related to an incomplete fix for CVE-2007-0720 that introduced a different denial of service problem in SSL negotiation.\n[CVE-2007-3387] Integer overflow in the StreamPredictor::StreamPredictor function in xpdf 3.02, as used in (1) poppler before 0.5.91, (2) gpdf before 2.8.2, (3) kpdf, (4) kdegraphics, (5) CUPS, (6) PDFedit, and other products, might allow remote attackers to execute arbitrary code via a crafted PDF file that triggers a stack-based buffer overflow in the StreamPredictor::getNextLine function.\n[CVE-2004-1270] lppasswd in CUPS 1.1.22, when run in environments that do not ensure that file descriptors 0, 1, and 2 are open when lppasswd is called, does not verify that the passwd.new file is different from STDERR, which allows local users to control output to passwd.new via certain user input that triggers an error message.\n[CVE-2004-0888] Multiple integer overflows in xpdf 2.0 and 3.0, and other packages that use xpdf code such as CUPS, gpdf, and kdegraphics, allow remote attackers to cause a denial of service (crash) and possibly execute arbitrary code, a different set of vulnerabilities than those identified by CVE-2004-0889.\n[CVE-2002-1384] Integer overflow in pdftops, as used in Xpdf 2.01 and earlier, xpdf-i, and CUPS before 1.1.18, allows local users to execute arbitrary code via a ColorSpace entry with a large number of elements, as demonstrated by cups-pdf.\n\n\ncve.csv:\n[CVE-2010-4755] The (1) remote_glob function in sftp-glob.c and the (2) process_put function in sftp.c in OpenSSH 5.8 and earlier, as used in FreeBSD 7.3 and 8.1, NetBSD 5.0.2, OpenBSD 4.7, and other products, allow remote authenticated users to cause a denial of service (CPU and memory consumption) via crafted glob expressions that do not match any pathnames, as demonstrated by glob expressions in SSH_FXP_STAT requests to an sftp daemon, a different vulnerability than CVE-2010-2632.\n[CVE-2007-4654] Unspecified vulnerability in SSHield 1.6.1 with OpenSSH 3.0.2p1 on Cisco WebNS 8.20.0.1 on Cisco Content Services Switch (CSS) series 11000 devices allows remote attackers to cause a denial of service (connection slot exhaustion and device crash) via a series of large packets designed to exploit the SSH CRC32 attack detection overflow (CVE-2001-0144), possibly a related issue to CVE-2002-1024.\n[CVE-1999-0661] A system is running a version of software that was replaced with a Trojan Horse at one of its distribution points, such as (1) TCP Wrappers 7.6, (2) util-linux 2.9g, (3) wuarchive ftpd (wuftpd) 2.2 and 2.1f, (4) IRC client (ircII) ircII 2.2.9, (5) OpenSSH 3.4p1, or (6) Sendmail 8.12.6.\n\n\ncve.csv:\n[CVE-2011-2896] The LZW decompressor in the LWZReadByte function in giftoppm.c in the David Koblas GIF decoder in PBMPLUS, as used in the gif_read_lzw function in filter/image-gif.c in CUPS before 1.4.7, the LZWReadByte function in plug-ins/common/file-gif-load.c in GIMP 2.6.11 and earlier, the LZWReadByte function in img/gifread.c in XPCE in SWI-Prolog 5.10.4 and earlier, and other products, does not properly handle code words that are absent from the decompression table when encountered, which allows remote attackers to trigger an infinite loop or a heap-based buffer overflow, and possibly execute arbitrary code, via a crafted compressed stream, a related issue to CVE-2006-1168 and CVE-2011-2895.\n[CVE-2009-0791] Multiple integer overflows in Xpdf 2.x and 3.x and Poppler 0.x, as used in the pdftops filter in CUPS 1.1.17, 1.1.22, and 1.3.7, GPdf, and kdegraphics KPDF, allow remote attackers to cause a denial of service (application crash) or possibly execute arbitrary code via a crafted PDF file that triggers a heap-based buffer overflow, possibly related to (1) Decrypt.cxx, (2) FoFiTrueType.cxx, (3) gmem.c, (4) JBIG2Stream.cxx, and (5) PSOutputDev.cxx in pdftops/. NOTE: the JBIG2Stream.cxx vector may overlap CVE-2009-1179.\n[CVE-2009-0032] CUPS on Mandriva Linux 2008.0, 2008.1, 2009.0, Corporate Server (CS) 3.0 and 4.0, and Multi Network Firewall (MNF) 2.0 allows local users to overwrite arbitrary files via a symlink attack on the /tmp/pdf.log temporary file.\n[CVE-2007-4045] The CUPS service, as used in SUSE Linux before 20070720 and other Linux distributions, allows remote attackers to cause a denial of service via unspecified vectors related to an incomplete fix for CVE-2007-0720 that introduced a different denial of service problem in SSL negotiation.\n[CVE-2007-3387] Integer overflow in the StreamPredictor::StreamPredictor function in xpdf 3.02, as used in (1) poppler before 0.5.91, (2) gpdf before 2.8.2, (3) kpdf, (4) kdegraphics, (5) CUPS, (6) PDFedit, and other products, might allow remote attackers to execute arbitrary code via a crafted PDF file that triggers a stack-based buffer overflow in the StreamPredictor::getNextLine function.\n[CVE-2004-1270] lppasswd in CUPS 1.1.22, when run in environments that do not ensure that file descriptors 0, 1, and 2 are open when lppasswd is called, does not verify that the passwd.new file is different from STDERR, which allows local users to control output to passwd.new via certain user input that triggers an error message.\n[CVE-2004-0888] Multiple integer overflows in xpdf 2.0 and 3.0, and other packages that use xpdf code such as CUPS, gpdf, and kdegraphics, allow remote attackers to cause a denial of service (crash) and possibly execute arbitrary code, a different set of vulnerabilities than those identified by CVE-2004-0889.\n[CVE-2002-1384] Integer overflow in pdftops, as used in Xpdf 2.01 and earlier, xpdf-i, and CUPS before 1.1.18, allows local users to execute arbitrary code via a ColorSpace entry with a large number of elements, as demonstrated by cups-pdf.\n\n\n
5	up	tcp	23	closed	cve.csv:\n[CVE-2010-4755] The (1) remote_glob function in sftp-glob.c and the (2) process_put function in sftp.c in OpenSSH 5.8 and earlier, as used in FreeBSD 7.3 and 8.1, NetBSD 5.0.2, OpenBSD 4.7, and other products, allow remote authenticated users to cause a denial of service (CPU and memory consumption) via crafted glob expressions that do not match any pathnames, as demonstrated by glob expressions in SSH_FXP_STAT requests to an sftp daemon, a different vulnerability than CVE-2010-2632.\n[CVE-2007-4654] Unspecified vulnerability in SSHield 1.6.1 with OpenSSH 3.0.2p1 on Cisco WebNS 8.20.0.1 on Cisco Content Services Switch (CSS) series 11000 devices allows remote attackers to cause a denial of service (connection slot exhaustion and device crash) via a series of large packets designed to exploit the SSH CRC32 attack detection overflow (CVE-2001-0144), possibly a related issue to CVE-2002-1024.\n[CVE-1999-0661] A system is running a version of software that was replaced with a Trojan Horse at one of its distribution points, such as (1) TCP Wrappers 7.6, (2) util-linux 2.9g, (3) wuarchive ftpd (wuftpd) 2.2 and 2.1f, (4) IRC client (ircII) ircII 2.2.9, (5) OpenSSH 3.4p1, or (6) Sendmail 8.12.6.\n\n\ncve.csv:\n[CVE-2011-2896] The LZW decompressor in the LWZReadByte function in giftoppm.c in the David Koblas GIF decoder in PBMPLUS, as used in the gif_read_lzw function in filter/image-gif.c in CUPS before 1.4.7, the LZWReadByte function in plug-ins/common/file-gif-load.c in GIMP 2.6.11 and earlier, the LZWReadByte function in img/gifread.c in XPCE in SWI-Prolog 5.10.4 and earlier, and other products, does not properly handle code words that are absent from the decompression table when encountered, which allows remote attackers to trigger an infinite loop or a heap-based buffer overflow, and possibly execute arbitrary code, via a crafted compressed stream, a related issue to CVE-2006-1168 and CVE-2011-2895.\n[CVE-2009-0791] Multiple integer overflows in Xpdf 2.x and 3.x and Poppler 0.x, as used in the pdftops filter in CUPS 1.1.17, 1.1.22, and 1.3.7, GPdf, and kdegraphics KPDF, allow remote attackers to cause a denial of service (application crash) or possibly execute arbitrary code via a crafted PDF file that triggers a heap-based buffer overflow, possibly related to (1) Decrypt.cxx, (2) FoFiTrueType.cxx, (3) gmem.c, (4) JBIG2Stream.cxx, and (5) PSOutputDev.cxx in pdftops/. NOTE: the JBIG2Stream.cxx vector may overlap CVE-2009-1179.\n[CVE-2009-0032] CUPS on Mandriva Linux 2008.0, 2008.1, 2009.0, Corporate Server (CS) 3.0 and 4.0, and Multi Network Firewall (MNF) 2.0 allows local users to overwrite arbitrary files via a symlink attack on the /tmp/pdf.log temporary file.\n[CVE-2007-4045] The CUPS service, as used in SUSE Linux before 20070720 and other Linux distributions, allows remote attackers to cause a denial of service via unspecified vectors related to an incomplete fix for CVE-2007-0720 that introduced a different denial of service problem in SSL negotiation.\n[CVE-2007-3387] Integer overflow in the StreamPredictor::StreamPredictor function in xpdf 3.02, as used in (1) poppler before 0.5.91, (2) gpdf before 2.8.2, (3) kpdf, (4) kdegraphics, (5) CUPS, (6) PDFedit, and other products, might allow remote attackers to execute arbitrary code via a crafted PDF file that triggers a stack-based buffer overflow in the StreamPredictor::getNextLine function.\n[CVE-2004-1270] lppasswd in CUPS 1.1.22, when run in environments that do not ensure that file descriptors 0, 1, and 2 are open when lppasswd is called, does not verify that the passwd.new file is different from STDERR, which allows local users to control output to passwd.new via certain user input that triggers an error message.\n[CVE-2004-0888] Multiple integer overflows in xpdf 2.0 and 3.0, and other packages that use xpdf code such as CUPS, gpdf, and kdegraphics, allow remote attackers to cause a denial of service (crash) and possibly execute arbitrary code, a different set of vulnerabilities than those identified by CVE-2004-0889.\n[CVE-2002-1384] Integer overflow in pdftops, as used in Xpdf 2.01 and earlier, xpdf-i, and CUPS before 1.1.18, allows local users to execute arbitrary code via a ColorSpace entry with a large number of elements, as demonstrated by cups-pdf.\n\n\ncve.csv:\n[CVE-2010-4755] The (1) remote_glob function in sftp-glob.c and the (2) process_put function in sftp.c in OpenSSH 5.8 and earlier, as used in FreeBSD 7.3 and 8.1, NetBSD 5.0.2, OpenBSD 4.7, and other products, allow remote authenticated users to cause a denial of service (CPU and memory consumption) via crafted glob expressions that do not match any pathnames, as demonstrated by glob expressions in SSH_FXP_STAT requests to an sftp daemon, a different vulnerability than CVE-2010-2632.\n[CVE-2007-4654] Unspecified vulnerability in SSHield 1.6.1 with OpenSSH 3.0.2p1 on Cisco WebNS 8.20.0.1 on Cisco Content Services Switch (CSS) series 11000 devices allows remote attackers to cause a denial of service (connection slot exhaustion and device crash) via a series of large packets designed to exploit the SSH CRC32 attack detection overflow (CVE-2001-0144), possibly a related issue to CVE-2002-1024.\n[CVE-1999-0661] A system is running a version of software that was replaced with a Trojan Horse at one of its distribution points, such as (1) TCP Wrappers 7.6, (2) util-linux 2.9g, (3) wuarchive ftpd (wuftpd) 2.2 and 2.1f, (4) IRC client (ircII) ircII 2.2.9, (5) OpenSSH 3.4p1, or (6) Sendmail 8.12.6.\n\n\ncve.csv:\n[CVE-2011-2896] The LZW decompressor in the LWZReadByte function in giftoppm.c in the David Koblas GIF decoder in PBMPLUS, as used in the gif_read_lzw function in filter/image-gif.c in CUPS before 1.4.7, the LZWReadByte function in plug-ins/common/file-gif-load.c in GIMP 2.6.11 and earlier, the LZWReadByte function in img/gifread.c in XPCE in SWI-Prolog 5.10.4 and earlier, and other products, does not properly handle code words that are absent from the decompression table when encountered, which allows remote attackers to trigger an infinite loop or a heap-based buffer overflow, and possibly execute arbitrary code, via a crafted compressed stream, a related issue to CVE-2006-1168 and CVE-2011-2895.\n[CVE-2009-0791] Multiple integer overflows in Xpdf 2.x and 3.x and Poppler 0.x, as used in the pdftops filter in CUPS 1.1.17, 1.1.22, and 1.3.7, GPdf, and kdegraphics KPDF, allow remote attackers to cause a denial of service (application crash) or possibly execute arbitrary code via a crafted PDF file that triggers a heap-based buffer overflow, possibly related to (1) Decrypt.cxx, (2) FoFiTrueType.cxx, (3) gmem.c, (4) JBIG2Stream.cxx, and (5) PSOutputDev.cxx in pdftops/. NOTE: the JBIG2Stream.cxx vector may overlap CVE-2009-1179.\n[CVE-2009-0032] CUPS on Mandriva Linux 2008.0, 2008.1, 2009.0, Corporate Server (CS) 3.0 and 4.0, and Multi Network Firewall (MNF) 2.0 allows local users to overwrite arbitrary files via a symlink attack on the /tmp/pdf.log temporary file.\n[CVE-2007-4045] The CUPS service, as used in SUSE Linux before 20070720 and other Linux distributions, allows remote attackers to cause a denial of service via unspecified vectors related to an incomplete fix for CVE-2007-0720 that introduced a different denial of service problem in SSL negotiation.\n[CVE-2007-3387] Integer overflow in the StreamPredictor::StreamPredictor function in xpdf 3.02, as used in (1) poppler before 0.5.91, (2) gpdf before 2.8.2, (3) kpdf, (4) kdegraphics, (5) CUPS, (6) PDFedit, and other products, might allow remote attackers to execute arbitrary code via a crafted PDF file that triggers a stack-based buffer overflow in the StreamPredictor::getNextLine function.\n[CVE-2004-1270] lppasswd in CUPS 1.1.22, when run in environments that do not ensure that file descriptors 0, 1, and 2 are open when lppasswd is called, does not verify that the passwd.new file is different from STDERR, which allows local users to control output to passwd.new via certain user input that triggers an error message.\n[CVE-2004-0888] Multiple integer overflows in xpdf 2.0 and 3.0, and other packages that use xpdf code such as CUPS, gpdf, and kdegraphics, allow remote attackers to cause a denial of service (crash) and possibly execute arbitrary code, a different set of vulnerabilities than those identified by CVE-2004-0889.\n[CVE-2002-1384] Integer overflow in pdftops, as used in Xpdf 2.01 and earlier, xpdf-i, and CUPS before 1.1.18, allows local users to execute arbitrary code via a ColorSpace entry with a large number of elements, as demonstrated by cups-pdf.\n\n\n
\.


--
-- Data for Name: server_segmentresult; Type: TABLE DATA; Schema: public; Owner: postgres
--

COPY public.server_segmentresult (id, host, state_scan, open_ports, result_id) FROM stdin;
\.


--
-- Data for Name: server_segmentscan; Type: TABLE DATA; Schema: public; Owner: postgres
--

COPY public.server_segmentscan (id, ip, mask, mode, state_scan) FROM stdin;
\.


--
-- Name: auth_group_id_seq; Type: SEQUENCE SET; Schema: public; Owner: postgres
--

SELECT pg_catalog.setval('public.auth_group_id_seq', 1, false);


--
-- Name: auth_group_permissions_id_seq; Type: SEQUENCE SET; Schema: public; Owner: postgres
--

SELECT pg_catalog.setval('public.auth_group_permissions_id_seq', 1, false);


--
-- Name: auth_permission_id_seq; Type: SEQUENCE SET; Schema: public; Owner: postgres
--

SELECT pg_catalog.setval('public.auth_permission_id_seq', 48, true);


--
-- Name: auth_user_groups_id_seq; Type: SEQUENCE SET; Schema: public; Owner: postgres
--

SELECT pg_catalog.setval('public.auth_user_groups_id_seq', 1, false);


--
-- Name: auth_user_id_seq; Type: SEQUENCE SET; Schema: public; Owner: postgres
--

SELECT pg_catalog.setval('public.auth_user_id_seq', 1, true);


--
-- Name: auth_user_user_permissions_id_seq; Type: SEQUENCE SET; Schema: public; Owner: postgres
--

SELECT pg_catalog.setval('public.auth_user_user_permissions_id_seq', 1, false);


--
-- Name: django_admin_log_id_seq; Type: SEQUENCE SET; Schema: public; Owner: postgres
--

SELECT pg_catalog.setval('public.django_admin_log_id_seq', 87, true);


--
-- Name: django_content_type_id_seq; Type: SEQUENCE SET; Schema: public; Owner: postgres
--

SELECT pg_catalog.setval('public.django_content_type_id_seq', 12, true);


--
-- Name: django_migrations_id_seq; Type: SEQUENCE SET; Schema: public; Owner: postgres
--

SELECT pg_catalog.setval('public.django_migrations_id_seq', 21, true);


--
-- Name: server_clientbd_id_seq; Type: SEQUENCE SET; Schema: public; Owner: postgres
--

SELECT pg_catalog.setval('public.server_clientbd_id_seq', 3, true);


--
-- Name: server_dataserver_id_seq; Type: SEQUENCE SET; Schema: public; Owner: postgres
--

SELECT pg_catalog.setval('public.server_dataserver_id_seq', 4, true);


--
-- Name: server_ipaddress_id_seq; Type: SEQUENCE SET; Schema: public; Owner: postgres
--

SELECT pg_catalog.setval('public.server_ipaddress_id_seq', 48, true);


--
-- Name: server_scaninfo_id_seq; Type: SEQUENCE SET; Schema: public; Owner: postgres
--

SELECT pg_catalog.setval('public.server_scaninfo_id_seq', 6, true);


--
-- Name: server_segmentresult_id_seq; Type: SEQUENCE SET; Schema: public; Owner: postgres
--

SELECT pg_catalog.setval('public.server_segmentresult_id_seq', 96, true);


--
-- Name: server_segmentscan_id_seq; Type: SEQUENCE SET; Schema: public; Owner: postgres
--

SELECT pg_catalog.setval('public.server_segmentscan_id_seq', 3, true);


--
-- Name: auth_group auth_group_name_key; Type: CONSTRAINT; Schema: public; Owner: postgres
--

ALTER TABLE ONLY public.auth_group
    ADD CONSTRAINT auth_group_name_key UNIQUE (name);


--
-- Name: auth_group_permissions auth_group_permissions_group_id_permission_id_0cd325b0_uniq; Type: CONSTRAINT; Schema: public; Owner: postgres
--

ALTER TABLE ONLY public.auth_group_permissions
    ADD CONSTRAINT auth_group_permissions_group_id_permission_id_0cd325b0_uniq UNIQUE (group_id, permission_id);


--
-- Name: auth_group_permissions auth_group_permissions_pkey; Type: CONSTRAINT; Schema: public; Owner: postgres
--

ALTER TABLE ONLY public.auth_group_permissions
    ADD CONSTRAINT auth_group_permissions_pkey PRIMARY KEY (id);


--
-- Name: auth_group auth_group_pkey; Type: CONSTRAINT; Schema: public; Owner: postgres
--

ALTER TABLE ONLY public.auth_group
    ADD CONSTRAINT auth_group_pkey PRIMARY KEY (id);


--
-- Name: auth_permission auth_permission_content_type_id_codename_01ab375a_uniq; Type: CONSTRAINT; Schema: public; Owner: postgres
--

ALTER TABLE ONLY public.auth_permission
    ADD CONSTRAINT auth_permission_content_type_id_codename_01ab375a_uniq UNIQUE (content_type_id, codename);


--
-- Name: auth_permission auth_permission_pkey; Type: CONSTRAINT; Schema: public; Owner: postgres
--

ALTER TABLE ONLY public.auth_permission
    ADD CONSTRAINT auth_permission_pkey PRIMARY KEY (id);


--
-- Name: auth_user_groups auth_user_groups_pkey; Type: CONSTRAINT; Schema: public; Owner: postgres
--

ALTER TABLE ONLY public.auth_user_groups
    ADD CONSTRAINT auth_user_groups_pkey PRIMARY KEY (id);


--
-- Name: auth_user_groups auth_user_groups_user_id_group_id_94350c0c_uniq; Type: CONSTRAINT; Schema: public; Owner: postgres
--

ALTER TABLE ONLY public.auth_user_groups
    ADD CONSTRAINT auth_user_groups_user_id_group_id_94350c0c_uniq UNIQUE (user_id, group_id);


--
-- Name: auth_user auth_user_pkey; Type: CONSTRAINT; Schema: public; Owner: postgres
--

ALTER TABLE ONLY public.auth_user
    ADD CONSTRAINT auth_user_pkey PRIMARY KEY (id);


--
-- Name: auth_user_user_permissions auth_user_user_permissions_pkey; Type: CONSTRAINT; Schema: public; Owner: postgres
--

ALTER TABLE ONLY public.auth_user_user_permissions
    ADD CONSTRAINT auth_user_user_permissions_pkey PRIMARY KEY (id);


--
-- Name: auth_user_user_permissions auth_user_user_permissions_user_id_permission_id_14a6b632_uniq; Type: CONSTRAINT; Schema: public; Owner: postgres
--

ALTER TABLE ONLY public.auth_user_user_permissions
    ADD CONSTRAINT auth_user_user_permissions_user_id_permission_id_14a6b632_uniq UNIQUE (user_id, permission_id);


--
-- Name: auth_user auth_user_username_key; Type: CONSTRAINT; Schema: public; Owner: postgres
--

ALTER TABLE ONLY public.auth_user
    ADD CONSTRAINT auth_user_username_key UNIQUE (username);


--
-- Name: django_admin_log django_admin_log_pkey; Type: CONSTRAINT; Schema: public; Owner: postgres
--

ALTER TABLE ONLY public.django_admin_log
    ADD CONSTRAINT django_admin_log_pkey PRIMARY KEY (id);


--
-- Name: django_content_type django_content_type_app_label_model_76bd3d3b_uniq; Type: CONSTRAINT; Schema: public; Owner: postgres
--

ALTER TABLE ONLY public.django_content_type
    ADD CONSTRAINT django_content_type_app_label_model_76bd3d3b_uniq UNIQUE (app_label, model);


--
-- Name: django_content_type django_content_type_pkey; Type: CONSTRAINT; Schema: public; Owner: postgres
--

ALTER TABLE ONLY public.django_content_type
    ADD CONSTRAINT django_content_type_pkey PRIMARY KEY (id);


--
-- Name: django_migrations django_migrations_pkey; Type: CONSTRAINT; Schema: public; Owner: postgres
--

ALTER TABLE ONLY public.django_migrations
    ADD CONSTRAINT django_migrations_pkey PRIMARY KEY (id);


--
-- Name: django_session django_session_pkey; Type: CONSTRAINT; Schema: public; Owner: postgres
--

ALTER TABLE ONLY public.django_session
    ADD CONSTRAINT django_session_pkey PRIMARY KEY (session_key);


--
-- Name: server_clientbd server_clientbd_pkey; Type: CONSTRAINT; Schema: public; Owner: postgres
--

ALTER TABLE ONLY public.server_clientbd
    ADD CONSTRAINT server_clientbd_pkey PRIMARY KEY (id);


--
-- Name: server_dataserver server_dataserver_pkey; Type: CONSTRAINT; Schema: public; Owner: postgres
--

ALTER TABLE ONLY public.server_dataserver
    ADD CONSTRAINT server_dataserver_pkey PRIMARY KEY (id);


--
-- Name: server_ipaddress server_ipaddress_pkey; Type: CONSTRAINT; Schema: public; Owner: postgres
--

ALTER TABLE ONLY public.server_ipaddress
    ADD CONSTRAINT server_ipaddress_pkey PRIMARY KEY (id);


--
-- Name: server_scaninfo server_scaninfo_pkey; Type: CONSTRAINT; Schema: public; Owner: postgres
--

ALTER TABLE ONLY public.server_scaninfo
    ADD CONSTRAINT server_scaninfo_pkey PRIMARY KEY (id);


--
-- Name: server_segmentresult server_segmentresult_pkey; Type: CONSTRAINT; Schema: public; Owner: postgres
--

ALTER TABLE ONLY public.server_segmentresult
    ADD CONSTRAINT server_segmentresult_pkey PRIMARY KEY (id);


--
-- Name: server_segmentscan server_segmentscan_pkey; Type: CONSTRAINT; Schema: public; Owner: postgres
--

ALTER TABLE ONLY public.server_segmentscan
    ADD CONSTRAINT server_segmentscan_pkey PRIMARY KEY (id);


--
-- Name: auth_group_name_a6ea08ec_like; Type: INDEX; Schema: public; Owner: postgres
--

CREATE INDEX auth_group_name_a6ea08ec_like ON public.auth_group USING btree (name varchar_pattern_ops);


--
-- Name: auth_group_permissions_group_id_b120cbf9; Type: INDEX; Schema: public; Owner: postgres
--

CREATE INDEX auth_group_permissions_group_id_b120cbf9 ON public.auth_group_permissions USING btree (group_id);


--
-- Name: auth_group_permissions_permission_id_84c5c92e; Type: INDEX; Schema: public; Owner: postgres
--

CREATE INDEX auth_group_permissions_permission_id_84c5c92e ON public.auth_group_permissions USING btree (permission_id);


--
-- Name: auth_permission_content_type_id_2f476e4b; Type: INDEX; Schema: public; Owner: postgres
--

CREATE INDEX auth_permission_content_type_id_2f476e4b ON public.auth_permission USING btree (content_type_id);


--
-- Name: auth_user_groups_group_id_97559544; Type: INDEX; Schema: public; Owner: postgres
--

CREATE INDEX auth_user_groups_group_id_97559544 ON public.auth_user_groups USING btree (group_id);


--
-- Name: auth_user_groups_user_id_6a12ed8b; Type: INDEX; Schema: public; Owner: postgres
--

CREATE INDEX auth_user_groups_user_id_6a12ed8b ON public.auth_user_groups USING btree (user_id);


--
-- Name: auth_user_user_permissions_permission_id_1fbb5f2c; Type: INDEX; Schema: public; Owner: postgres
--

CREATE INDEX auth_user_user_permissions_permission_id_1fbb5f2c ON public.auth_user_user_permissions USING btree (permission_id);


--
-- Name: auth_user_user_permissions_user_id_a95ead1b; Type: INDEX; Schema: public; Owner: postgres
--

CREATE INDEX auth_user_user_permissions_user_id_a95ead1b ON public.auth_user_user_permissions USING btree (user_id);


--
-- Name: auth_user_username_6821ab7c_like; Type: INDEX; Schema: public; Owner: postgres
--

CREATE INDEX auth_user_username_6821ab7c_like ON public.auth_user USING btree (username varchar_pattern_ops);


--
-- Name: django_admin_log_content_type_id_c4bce8eb; Type: INDEX; Schema: public; Owner: postgres
--

CREATE INDEX django_admin_log_content_type_id_c4bce8eb ON public.django_admin_log USING btree (content_type_id);


--
-- Name: django_admin_log_user_id_c564eba6; Type: INDEX; Schema: public; Owner: postgres
--

CREATE INDEX django_admin_log_user_id_c564eba6 ON public.django_admin_log USING btree (user_id);


--
-- Name: django_session_expire_date_a5c62663; Type: INDEX; Schema: public; Owner: postgres
--

CREATE INDEX django_session_expire_date_a5c62663 ON public.django_session USING btree (expire_date);


--
-- Name: django_session_session_key_c0390e0f_like; Type: INDEX; Schema: public; Owner: postgres
--

CREATE INDEX django_session_session_key_c0390e0f_like ON public.django_session USING btree (session_key varchar_pattern_ops);


--
-- Name: server_dataserver_client_id_48d51f22; Type: INDEX; Schema: public; Owner: postgres
--

CREATE INDEX server_dataserver_client_id_48d51f22 ON public.server_dataserver USING btree (client_id);


--
-- Name: server_ipaddress_client_id_6eec2281; Type: INDEX; Schema: public; Owner: postgres
--

CREATE INDEX server_ipaddress_client_id_6eec2281 ON public.server_ipaddress USING btree (client_id);


--
-- Name: server_ipaddress_seg_scan_id_bb2df0e4; Type: INDEX; Schema: public; Owner: postgres
--

CREATE INDEX server_ipaddress_seg_scan_id_bb2df0e4 ON public.server_ipaddress USING btree (seg_scan_id);


--
-- Name: server_segmentresult_result_id_f283a1d0; Type: INDEX; Schema: public; Owner: postgres
--

CREATE INDEX server_segmentresult_result_id_f283a1d0 ON public.server_segmentresult USING btree (result_id);


--
-- Name: auth_group_permissions auth_group_permissio_permission_id_84c5c92e_fk_auth_perm; Type: FK CONSTRAINT; Schema: public; Owner: postgres
--

ALTER TABLE ONLY public.auth_group_permissions
    ADD CONSTRAINT auth_group_permissio_permission_id_84c5c92e_fk_auth_perm FOREIGN KEY (permission_id) REFERENCES public.auth_permission(id) DEFERRABLE INITIALLY DEFERRED;


--
-- Name: auth_group_permissions auth_group_permissions_group_id_b120cbf9_fk_auth_group_id; Type: FK CONSTRAINT; Schema: public; Owner: postgres
--

ALTER TABLE ONLY public.auth_group_permissions
    ADD CONSTRAINT auth_group_permissions_group_id_b120cbf9_fk_auth_group_id FOREIGN KEY (group_id) REFERENCES public.auth_group(id) DEFERRABLE INITIALLY DEFERRED;


--
-- Name: auth_permission auth_permission_content_type_id_2f476e4b_fk_django_co; Type: FK CONSTRAINT; Schema: public; Owner: postgres
--

ALTER TABLE ONLY public.auth_permission
    ADD CONSTRAINT auth_permission_content_type_id_2f476e4b_fk_django_co FOREIGN KEY (content_type_id) REFERENCES public.django_content_type(id) DEFERRABLE INITIALLY DEFERRED;


--
-- Name: auth_user_groups auth_user_groups_group_id_97559544_fk_auth_group_id; Type: FK CONSTRAINT; Schema: public; Owner: postgres
--

ALTER TABLE ONLY public.auth_user_groups
    ADD CONSTRAINT auth_user_groups_group_id_97559544_fk_auth_group_id FOREIGN KEY (group_id) REFERENCES public.auth_group(id) DEFERRABLE INITIALLY DEFERRED;


--
-- Name: auth_user_groups auth_user_groups_user_id_6a12ed8b_fk_auth_user_id; Type: FK CONSTRAINT; Schema: public; Owner: postgres
--

ALTER TABLE ONLY public.auth_user_groups
    ADD CONSTRAINT auth_user_groups_user_id_6a12ed8b_fk_auth_user_id FOREIGN KEY (user_id) REFERENCES public.auth_user(id) DEFERRABLE INITIALLY DEFERRED;


--
-- Name: auth_user_user_permissions auth_user_user_permi_permission_id_1fbb5f2c_fk_auth_perm; Type: FK CONSTRAINT; Schema: public; Owner: postgres
--

ALTER TABLE ONLY public.auth_user_user_permissions
    ADD CONSTRAINT auth_user_user_permi_permission_id_1fbb5f2c_fk_auth_perm FOREIGN KEY (permission_id) REFERENCES public.auth_permission(id) DEFERRABLE INITIALLY DEFERRED;


--
-- Name: auth_user_user_permissions auth_user_user_permissions_user_id_a95ead1b_fk_auth_user_id; Type: FK CONSTRAINT; Schema: public; Owner: postgres
--

ALTER TABLE ONLY public.auth_user_user_permissions
    ADD CONSTRAINT auth_user_user_permissions_user_id_a95ead1b_fk_auth_user_id FOREIGN KEY (user_id) REFERENCES public.auth_user(id) DEFERRABLE INITIALLY DEFERRED;


--
-- Name: django_admin_log django_admin_log_content_type_id_c4bce8eb_fk_django_co; Type: FK CONSTRAINT; Schema: public; Owner: postgres
--

ALTER TABLE ONLY public.django_admin_log
    ADD CONSTRAINT django_admin_log_content_type_id_c4bce8eb_fk_django_co FOREIGN KEY (content_type_id) REFERENCES public.django_content_type(id) DEFERRABLE INITIALLY DEFERRED;


--
-- Name: django_admin_log django_admin_log_user_id_c564eba6_fk_auth_user_id; Type: FK CONSTRAINT; Schema: public; Owner: postgres
--

ALTER TABLE ONLY public.django_admin_log
    ADD CONSTRAINT django_admin_log_user_id_c564eba6_fk_auth_user_id FOREIGN KEY (user_id) REFERENCES public.auth_user(id) DEFERRABLE INITIALLY DEFERRED;


--
-- Name: server_dataserver server_dataserver_client_id_48d51f22_fk_server_clientbd_id; Type: FK CONSTRAINT; Schema: public; Owner: postgres
--

ALTER TABLE ONLY public.server_dataserver
    ADD CONSTRAINT server_dataserver_client_id_48d51f22_fk_server_clientbd_id FOREIGN KEY (client_id) REFERENCES public.server_clientbd(id) DEFERRABLE INITIALLY DEFERRED;


--
-- Name: server_ipaddress server_ipaddress_client_id_6eec2281_fk_server_clientbd_id; Type: FK CONSTRAINT; Schema: public; Owner: postgres
--

ALTER TABLE ONLY public.server_ipaddress
    ADD CONSTRAINT server_ipaddress_client_id_6eec2281_fk_server_clientbd_id FOREIGN KEY (client_id) REFERENCES public.server_clientbd(id) DEFERRABLE INITIALLY DEFERRED;


--
-- Name: server_ipaddress server_ipaddress_seg_scan_id_bb2df0e4_fk_server_segmentscan_id; Type: FK CONSTRAINT; Schema: public; Owner: postgres
--

ALTER TABLE ONLY public.server_ipaddress
    ADD CONSTRAINT server_ipaddress_seg_scan_id_bb2df0e4_fk_server_segmentscan_id FOREIGN KEY (seg_scan_id) REFERENCES public.server_segmentscan(id) DEFERRABLE INITIALLY DEFERRED;


--
-- Name: server_segmentresult server_segmentresult_result_id_f283a1d0_fk_server_ipaddress_id; Type: FK CONSTRAINT; Schema: public; Owner: postgres
--

ALTER TABLE ONLY public.server_segmentresult
    ADD CONSTRAINT server_segmentresult_result_id_f283a1d0_fk_server_ipaddress_id FOREIGN KEY (result_id) REFERENCES public.server_ipaddress(id) DEFERRABLE INITIALLY DEFERRED;


--
-- PostgreSQL database dump complete
--

